{"cameraMode":{"drawMode":0,"name":"Shaded","section":"Shading Mode"},"sceneLighting":false,"audioPlay":false,"sceneViewState":{"m_AlwaysRefresh":false,"showFog":true,"showSkybox":true,"showFlares":true,"showImageEffects":true,"showParticleSystems":true,"showVisualEffectGraphs":true,"m_FxEnabled":true},"in2DMode":false,"pivot":{"x":366.6554870605469,"y":157.14642333984376,"z":59.09983825683594},"rotation":{"x":0.03509295731782913,"y":0.0017982958815991879,"z":-0.00006226077675819397,"w":0.9994006156921387},"size":377.60772705078127,"orthographic":false}